연도,구단,선수ID,선수명,구분,확인,근거,출전량(참고)
2026,KIA,54640,네일,일반,미확인,출전량 상위 3명 (일반 외국인 중),1.05
2026,KIA,55633,올러,일반,미확인,출전량 상위 3명 (일반 외국인 중),0.99
2026,KIA,56626,카스트로,일반,미확인,출전량 상위 3명 (일반 외국인 중),0.69
2026,KIA,54843,시라카와,아시아쿼터,미확인,일본·대만식 이름 중 출전량 1위,0.49
2026,KIA,56632,데일,제외,미확인,시즌 중 교체로 본 선수 (출전량 적음),0.23
2026,KIA,56613,아데를린,제외,미확인,시즌 중 교체로 본 선수 (출전량 적음),0.22
2026,KT,56034,힐리어드,일반,미확인,출전량 상위 3명 (일반 외국인 중),1.05
2026,KT,56032,사우어,일반,미확인,출전량 상위 3명 (일반 외국인 중),0.65
2026,KT,55912,로건,일반,미확인,출전량 상위 3명 (일반 외국인 중),0.58
2026,KT,56011,스기모토,아시아쿼터,미확인,일본·대만식 이름 중 출전량 1위,0.47
2026,KT,56036,보쉴리,제외,미확인,시즌 중 교체로 본 선수 (출전량 적음),0.38
2026,KT,56002,대니엘,제외,미확인,시즌 중 교체로 본 선수 (출전량 적음),0.33
2026,LG,53123,오스틴,일반,미확인,출전량 상위 3명 (일반 외국인 중),1.04
2026,LG,55130,톨허스트,일반,미확인,출전량 상위 3명 (일반 외국인 중),0.97
2026,LG,55348,웰스,아시아쿼터,미확인,"일본·대만식 이름이 없어 이름으로 고른 값 (호주 선수로 추정, 국적 미확인)",0.59
2026,LG,56103,카라스코,일반,미확인,출전량 상위 (웰스를 아시아쿼터로 본 뒤),0.32
2026,LG,55146,치리노스,제외,미확인,시즌 중 교체로 본 선수 (출전량 적음),0.23
2026,LG,56168,케네디,제외,미확인,시즌 중 교체로 본 선수 (출전량 적음),0.12
2026,LG,56146,리오스,제외,미확인,시즌 중 교체로 본 선수 (출전량 적음),0.11
2026,NC,56911,토다,아시아쿼터,미확인,일본·대만식 이름 중 출전량 1위,0.91
2026,NC,56966,테일러,일반,미확인,출전량 상위 3명 (일반 외국인 중),0.76
2026,NC,55903,라일리,일반,미확인,출전량 상위 3명 (일반 외국인 중),0.76
2026,NC,56950,블레인,일반,미확인,출전량 상위 3명 (일반 외국인 중),0.43
2026,NC,56928,버하겐,제외,미확인,시즌 중 교체로 본 선수 (출전량 적음),0.16
2026,NC,56939,클레빈저,제외,미확인,시즌 중 교체로 본 선수 (출전량 적음),0.11
2026,SSG,53827,에레디아,일반,미확인,출전량 상위 3명 (일반 외국인 중),0.82
2026,SSG,56823,타케다,아시아쿼터,미확인,일본·대만식 이름 중 출전량 1위,0.67
2026,SSG,56841,베니지아노,일반,미확인,출전량 상위 3명 (일반 외국인 중),0.53
2026,SSG,56801,아빌라,일반,미확인,출전량 상위 3명 (일반 외국인 중),0.52
2026,SSG,56855,해치,제외,미확인,시즌 중 교체로 본 선수 (출전량 적음),0.27
2026,SSG,55855,화이트,제외,미확인,시즌 중 교체로 본 선수 (출전량 적음),0.20
2026,SSG,56813,마드리스,제외,미확인,시즌 중 교체로 본 선수 (출전량 적음),0.12
2026,SSG,56800,긴지로,제외,미확인,시즌 중 교체로 본 선수 (출전량 적음),0.12
2026,두산,55239,잭로그,일반,미확인,출전량 상위 3명 (일반 외국인 중),1.01
2026,두산,52043,벤자민,일반,미확인,출전량 상위 3명 (일반 외국인 중),0.78
2026,두산,56251,카메론,일반,미확인,출전량 상위 3명 (일반 외국인 중),0.52
2026,두산,56212,타카다,아시아쿼터,미확인,일본·대만식 이름 중 출전량 1위,0.32
2026,두산,56236,세베리노,제외,미확인,시즌 중 교체로 본 선수 (출전량 적음),0.28
2026,두산,56218,타무라,제외,미확인,시즌 중 교체로 본 선수 (출전량 적음),0.12
2026,두산,50234,플렉센,제외,미확인,시즌 중 교체로 본 선수 (출전량 적음),0.04
2026,롯데,54529,레이예스,일반,미확인,출전량 상위 3명 (일반 외국인 중),1.03
2026,롯데,56531,로드리게스,일반,미확인,출전량 상위 3명 (일반 외국인 중),0.99
2026,롯데,56523,비슬리,일반,미확인,출전량 상위 3명 (일반 외국인 중),0.94
2026,롯데,56503,이이무라,아시아쿼터,미확인,일본·대만식 이름 중 출전량 1위,0.21
2026,롯데,56548,쿄야마,제외,미확인,시즌 중 교체로 본 선수 (출전량 적음),0.08
2026,삼성,54400,디아즈,일반,미확인,출전량 상위 3명 (일반 외국인 중),1.03
2026,삼성,53375,후라도,일반,미확인,출전량 상위 3명 (일반 외국인 중),0.88
2026,삼성,56464,오러클린,일반,미확인,출전량 상위 3명 (일반 외국인 중),0.52
2026,삼성,56459,페덱,제외,미확인,시즌 중 교체로 본 선수 (출전량 적음),0.41
2026,삼성,56415,미야지,아시아쿼터,미확인,일본·대만식 이름 중 출전량 1위,0.20
2026,삼성,56402,보스,제외,미확인,시즌 중 교체로 본 선수 (출전량 적음),0.19
2026,삼성,56474,사토시,제외,미확인,시즌 중 교체로 본 선수 (출전량 적음),0.09
2026,키움,69045,알칸타라,일반,미확인,출전량 상위 3명 (일반 외국인 중),0.91
2026,키움,54944,데이비슨,일반,미확인,출전량 상위 3명 (일반 외국인 중),0.87
2026,키움,56305,히우라,일반,미확인,출전량 상위 3명 (일반 외국인 중),0.52
2026,키움,56348,유토,아시아쿼터,미확인,일본·대만식 이름 중 출전량 1위,0.32
2026,키움,56322,브룩스,제외,미확인,시즌 중 교체로 본 선수 (출전량 적음),0.27
2026,키움,55322,로젠버그,제외,미확인,시즌 중 교체로 본 선수 (출전량 적음),0.20
2026,키움,56334,와일스,제외,미확인,시즌 중 교체로 본 선수 (출전량 적음),0.17
2026,한화,54730,페라자,일반,미확인,출전량 상위 3명 (일반 외국인 중),0.93
2026,한화,56724,화이트,일반,미확인,출전량 상위 3명 (일반 외국인 중),0.85
2026,한화,56719,왕옌청,아시아쿼터,미확인,일본·대만식 이름 중 출전량 1위,0.85
2026,한화,56712,에르난데스,일반,미확인,출전량 상위 3명 (일반 외국인 중),0.44
2026,한화,56799,짐머맨,제외,미확인,시즌 중 교체로 본 선수 (출전량 적음),0.22
2026,한화,56760,쿠싱,제외,미확인,시즌 중 교체로 본 선수 (출전량 적음),0.13
