선수ID,선수명,구단,구분,능력,근거,확인
78603,김선빈,KIA,야수,안방 사나이;늦게 지는 꽃,"KIA 17시즌, 통산 17시즌 6506타석 44홈런",자동
65653,김호령,KIA,야수,안방 사나이,KIA 9시즌,자동
62947,나성범,KIA,야수,승부사;늦게 지는 꽃,"통산 1100타점, 통산 13시즌 6399타석 282홈런, 시즌당 113경기",자동
64560,이창진,KIA,야수,안방 사나이,KIA 8시즌,자동
65610,황대인,KIA,야수,안방 사나이,KIA 9시즌,자동
77637,양현종,KIA,투수,안방 사나이;에이스 체력,"KIA 18시즌, 통산 2657이닝, 통산 18시즌 2657이닝 2185탈삼진, 시즌당 148이닝",자동
66609,전상현,KIA,투수,안방 사나이,KIA 9시즌,자동
64004,김민혁,KT,야수,안방 사나이,KT 9시즌,자동
79402,김상수,KT,야수,늦게 지는 꽃;철인,"통산 17시즌 7182타석 67홈런, 시즌당 112경기",자동
76290,김현수,KT,야수,승부사;늦게 지는 꽃,"통산 1522타점, 통산 18시즌 9384타석 261홈런, 시즌당 123경기",자동
64007,문상철,KT,야수,안방 사나이,KT 9시즌,자동
64166,배정대,KT,야수,안방 사나이,KT 10시즌,자동
78548,장성우,KT,야수,안방 사나이;늦게 지는 꽃,"KT 10시즌, 통산 14시즌 4805타석 133홈런",자동
79240,허경민,KT,야수,늦게 지는 꽃;철인,"통산 14시즌 6214타석 64홈런, 시즌당 119경기",자동
64001,고영표,KT,투수,안방 사나이,KT 9시즌,자동
65048,김민수,KT,투수,안방 사나이,KT 10시즌,자동
65516,배제성,KT,투수,안방 사나이,KT 8시즌,자동
73117,우규민,KT,투수,늦게 지는 꽃,통산 20시즌 1471이닝 929탈삼진,자동
65060,주권,KT,투수,안방 사나이,KT 11시즌,자동
79365,박동원,LG,야수,늦게 지는 꽃,통산 14시즌 4778타석 176홈런,자동
62415,박해민,LG,야수,늦게 지는 꽃;철인,"통산 13시즌 6864타석 60홈런, 시즌당 129경기",자동
79109,오지환,LG,야수,안방 사나이;승부사,"LG 17시즌, 통산 928타점, 통산 17시즌 7811타석 180홈런, 시즌당 117경기",자동
66108,홍창기,LG,야수,안방 사나이,LG 9시즌,자동
66145,김대현,LG,투수,안방 사나이,LG 8시즌,자동
75867,김진성,LG,투수,늦게 지는 꽃;철인,"통산 13시즌 764이닝 761탈삼진, 시즌당 59경기",자동
65109,백승현,LG,투수,안방 사나이,LG 9시즌,자동
61145,이우찬,LG,투수,안방 사나이,LG 9시즌,자동
61101,임찬규,LG,투수,안방 사나이;에이스 체력,"LG 13시즌, 통산 1370이닝, 통산 13시즌 1370이닝 1112탈삼진",자동
63963,권희동,NC,야수,안방 사나이;늦게 지는 꽃,"NC 12시즌, 통산 12시즌 4271타석 107홈런",자동
66965,도태훈,NC,야수,안방 사나이,NC 9시즌,자동
79215,박건우,NC,야수,승부사;늦게 지는 꽃,"통산 744타점, 통산 14시즌 5322타석 132홈런",자동
62907,박민우,NC,야수,안방 사나이;늦게 지는 꽃,"NC 13시즌, 통산 13시즌 5809타석 42홈런",자동
65933,구창모,NC,투수,안방 사나이,NC 8시즌,자동
64995,배재환,NC,투수,안방 사나이,NC 8시즌,자동
60263,이재학,NC,투수,안방 사나이;에이스 체력,"NC 12시즌, 통산 1425이닝, 통산 13시즌 1425이닝 1205탈삼진",자동
63959,임정호,NC,투수,안방 사나이,NC 10시즌,자동
66920,최성영,NC,투수,안방 사나이,NC 8시즌,자동
78224,김재환,SSG,야수,승부사;늦게 지는 꽃,"통산 982타점, 통산 15시즌 5916타석 276홈런",자동
67893,박성한,SSG,야수,안방 사나이,SSG 8시즌,자동
79456,이지영,SSG,야수,늦게 지는 꽃,통산 15시즌 4337타석 24홈런,자동
75847,최정,SSG,야수,안방 사나이;승부사,"SSG 21시즌, 통산 1624타점, 통산 21시즌 9844타석 518홈런, 시즌당 114경기",자동
62895,한유섬,SSG,야수,안방 사나이;승부사,"SSG 13시즌, 통산 755타점, 통산 13시즌 4712타석 212홈런",자동
77829,김광현,SSG,투수,안방 사나이;에이스 체력,"SSG 16시즌, 통산 2322이닝, 통산 16시즌 2322이닝 2020탈삼진, 시즌당 145이닝",자동
73211,노경은,SSG,투수,늦게 지는 꽃,통산 20시즌 1470이닝 1064탈삼진,자동
62869,문승원,SSG,투수,안방 사나이;에이스 체력,"SSG 12시즌, 통산 1031이닝, 통산 12시즌 1031이닝 725탈삼진",자동
61895,서진용,SSG,투수,안방 사나이,SSG 11시즌,자동
63257,김인태,두산,야수,안방 사나이,두산 10시즌,자동
77532,손아섭,두산,야수,승부사;늦게 지는 꽃,"통산 1086타점, 통산 19시즌 9292타석 182홈런, 시즌당 114경기",자동
64153,양석환,두산,야수,철인,시즌당 111경기,자동
76232,양의지,두산,야수,안방 사나이;승부사,"두산 13시즌, 통산 1195타점, 통산 17시즌 7383타석 282홈런, 시즌당 115경기",자동
79231,정수빈,두산,야수,안방 사나이;늦게 지는 꽃,"두산 16시즌, 통산 16시즌 6617타석 42홈런, 시즌당 113경기",자동
66209,조수행,두산,야수,안방 사나이,두산 9시즌,자동
67266,박치국,두산,투수,안방 사나이,두산 9시즌,자동
66291,이영하,두산,투수,안방 사나이,두산 9시즌,자동
77211,이용찬,두산,투수,안방 사나이;위기 탈출,"두산 12시즌, 통산 173세이브, 통산 17시즌 1068이닝 828탈삼진",자동
67263,최원준,두산,투수,안방 사나이,두산 8시즌,자동
77564,김민성,롯데,야수,승부사;늦게 지는 꽃,"통산 768타점, 통산 19시즌 6311타석 136홈런",자동
61102,유강남,롯데,야수,늦게 지는 꽃,통산 13시즌 4234타석 123홈런,자동
78513,전준우,롯데,야수,안방 사나이;승부사,"롯데 17시즌, 통산 1040타점, 통산 17시즌 7730타석 221홈런",자동
63543,구승민,롯데,투수,안방 사나이,롯데 10시즌,자동
62528,김원중,롯데,투수,안방 사나이,롯데 11시즌,자동
67539,나균안,롯데,투수,안방 사나이,롯데 8시즌,자동
64021,박세웅,롯데,투수,안방 사나이,롯데 11시즌,자동
74540,강민호,삼성,야수,안방 사나이;승부사,"삼성 8시즌, 통산 1313타점, 통산 22시즌 9174타석 350홈런, 시즌당 113경기",자동
62404,구자욱,삼성,야수,안방 사나이;철인,"삼성 11시즌, 시즌당 123경기",자동
67449,김성윤,삼성,야수,안방 사나이,삼성 8시즌,자동
61404,김헌곤,삼성,야수,안방 사나이,삼성 13시즌,자동
66409,이성규,삼성,야수,안방 사나이,삼성 8시즌,자동
72443,최형우,삼성,야수,안방 사나이;승부사,"삼성 11시즌, 통산 1737타점, 통산 20시즌 9771타석 419홈런, 시즌당 116경기",자동
65062,김재윤,삼성,투수,철인,시즌당 55경기,자동
77446,백정현,삼성,투수,안방 사나이;늦게 지는 꽃,"삼성 18시즌, 통산 18시즌 1171이닝 893탈삼진",자동
60146,이승현,삼성,투수,안방 사나이,삼성 9시즌,자동
65898,김웅빈,키움,야수,안방 사나이,히어로즈 9시즌,자동
62332,김재현,키움,야수,안방 사나이,히어로즈 10시즌,자동
78168,서건창,키움,야수,안방 사나이;늦게 지는 꽃,"히어로즈 9시즌, 통산 15시즌 5607타석 41홈런",자동
79608,안치홍,키움,야수,승부사;늦게 지는 꽃,"통산 927타점, 통산 16시즌 7186타석 155홈런, 시즌당 113경기",자동
64346,임병욱,키움,야수,안방 사나이,히어로즈 9시즌,자동
76267,최주환,키움,야수,승부사;늦게 지는 꽃,"통산 752타점, 통산 18시즌 5306타석 140홈런",자동
66018,김선기,키움,투수,안방 사나이,히어로즈 8시즌,자동
64350,하영민,키움,투수,안방 사나이,히어로즈 9시즌,자동
66704,김태연,한화,야수,안방 사나이,한화 8시즌,자동
64006,심우준,한화,야수,철인,시즌당 117경기,자동
79192,채은성,한화,야수,승부사;늦게 지는 꽃,"통산 850타점, 통산 12시즌 5369타석 158홈런, 시즌당 117경기",자동
78288,최재훈,한화,야수,안방 사나이,한화 9시즌,자동
76715,류현진,한화,투수,안방 사나이,한화 9시즌,자동
67703,박상원,한화,투수,안방 사나이,한화 8시즌,자동
